Date,Heading Text,Position
2024-09-10,"Apple must pay Ireland €13bn in unpaid taxes, court rules",92
2024-09-10,Cabinet set to approve ban on sale of disposable vapes,91
2024-09-10,The breathtaking waste of batteries in disposable vapes,90
2024-09-10,Preview: Ireland can do talking on pitch in Greece game,89
2024-09-10,Republic of Ireland v Greece: All you need to know,88
2024-09-10,Israeli strike kills 40 people in Gaza humanitarian zone,87
2024-09-10,Harris arrives in Pennsylvania for crucial Trump clash,86
2024-09-10,Kamala Harris's policies to face debate spotlight,85
2024-09-10,Seanad voting rights to be extended to all graduates,84
2024-09-10,What would a Trump presidency mean for international relations?,83
2024-09-10,EU court upholds Google's €2.4 billion EU antitrust fine,82
2024-09-10,"Star Wars, Lion King actor James Earl Jones dies at 93",81
2024-09-10,George Lucas leads tributes to James Earl Jones,80
2024-09-10,How to start a conversation with men about their mental health,79
2024-09-10,What it says in the papers,78
2024-09-10,"Mawdsley wins in Switzerland, McCann sets new PB",77
2024-09-10,Alleged attacker of Ugandan Olympian dies in hospital,76
2024-09-10,"Inner City Festival of Community Arts takes place in Dublin, 1979",75
2024-09-10,Australia plans social media minimum age limit,74
2024-09-10,Vaping 'the revenge of the tobacco industry' - Harris,73
2024-09-10,Vaping 'the revenge of the tobacco industry' - Harris,72
2024-09-10,Israeli strike kills 40 people in Gaza humanitarian zone,71
2024-09-10,Work to identify historic shipwrecks on Portmarnock beach,70
2024-09-10,"Princess of Wales finishes chemotherapy, hopes to 'stay cancer free'",69
2024-09-10,'He came at me with the knife' - Gardaí awarded medals for bravery,68
2024-09-10,How old will you be before you own a home of your own?,67
2024-09-10,Scotland's 'Sphinx' snow patch is vanishing,66
2024-09-10,Fair City celebrates 35 years with explosive promo,65
2024-09-10,Kasey McAteer reflects on 'dream' debut,64
2024-09-10,Typhoon Yagi leaves dozens dead in Vietnam,63
2024-09-10,The Late Late Show: Landing 13 Sept | RTÉ One & RTÉ Player,62
2024-09-10,Trump 'very offended' by Putin's support of Harris,61
2024-09-10,Heimir Hallgrimsson: Ireland lacked confidence and initiative,60
2024-09-10,Paris 2024: Britney Arendse happy after three PBs and fourth place,59
2024-09-10,Happy return to Lansdowne Road for Lee Carsley,58
2024-09-10,Real intention to reset British-Irish relations - UK PM,57
2024-09-10,Republic of Ireland v Greece: All you need to know,56
2024-09-10,Preview: Ireland can do talking on pitch in Greece game,55
2024-09-10,Who's the boss? Dug-out dynamics painted in grey,54
2024-09-10,Jovanovic praises Irish tradition ahead of clash,53
2024-09-10,Cunningham says Hallgrimsson got approach wrong,52
2024-09-10,"Apple must pay Ireland €13bn in unpaid taxes, court rules",51
2024-09-10,Cabinet set to approve ban on sale of disposable vapes,50
2024-09-10,Israeli strike kills 40 people in Gaza humanitarian zone,49
2024-09-10,Alleged attacker of Ugandan Olympian dies in hospital,48
2024-09-10,EU court upholds Google's €2.4 billion EU antitrust fine,47
2024-09-10,Preview: Ireland can do talking on pitch in Greece game,46
2024-09-10,Who's the boss? Dug-out dynamics painted in grey,45
2024-09-10,"Mawdsley wins in Switzerland, McCann sets new PB",44
2024-09-10,NFL: 49ers prevent winning Rodgers return,43
2024-09-10,Kane eyeing 100 England goals ahead of milestone cap,42
2024-09-10,Over 50% feel 'fearful' of palliative care - survey,41
2024-09-10,Carlow celebrates its prize winning rain gardens,40
2024-09-10,Kildare Oasis fans spent most on tickets - AIB,39
2024-09-10,Three arrested in connection with Wicklow shooting,38
2024-09-10,Man arrested over fatal Dublin hit-and-run,37
2024-09-10,A Quiet Place: Day One is a visceral gut-punch,36
2024-09-10,Sing Sing's Colman Domingo looks like the Oscar winner,35
2024-09-10,"Alien: Romulus: In space, no one can see you shrug",34
2024-09-10,Josh Hartnett plans his great escape in Trap,33
2024-09-10,X Factor finalist Ben Thapa dies aged 42,32
2024-09-10,"Apple must pay Ireland €13bn in unpaid taxes, court rules",31
2024-09-10,Cabinet set to approve ban on sale of disposable vapes,30
2024-09-10,Sky Ireland launches mobile phone service in Ireland,29
2024-09-10,"Mawdsley wins in Switzerland, McCann sets new PB",28
2024-09-10,Harris arrives in Pennsylvania for crucial Trump clash,27
2024-09-10,Woman to go on trial in learner permit fraud case,26
2024-09-10,George Lucas leads tributes to James Earl Jones,25
2024-09-10,Soap star Ali Bastian diagnosed with breast cancer,24
2024-09-10,Cunningham says Hallgrimsson got approach wrong,23
2024-09-10,Scotland's 'Sphinx' snow patch is vanishing,22
2024-09-10,"Princess of Wales finishes chemotherapy, hopes to 'stay cancer free'",21
2024-09-10,Work to identify historic shipwrecks on Portmarnock beach,20
2024-09-10,'He came at me with the knife' - Gardaí awarded medals for bravery,19
2024-09-10,Typhoon Yagi leaves dozens dead in Vietnam,18
2024-09-10,How old will you be before you own a home of your own?,17
2024-09-10,Supporters gather to give Paralympians a hero's welcome,16
2024-09-10,Dearbhaile Brady's family await her Paralympic return,15
2024-09-10,Alleged 'Russian spy' whale found dead off Norway,14
2024-09-10,Conflict between protesters and police in Tel Aviv,13
2024-09-10,Cunningham: Hallgrimsson made a mistake | Drivetime,12
2024-09-10,Corporal Punishment,11
2024-09-10,Temperatures to plummet this week,10
2024-09-10,The swing states that will decide the US Presidential election,9
2024-09-10,What job will Michael McGrath get in Europe?,8
2024-09-10,Green Party wants parents to get €560 on the birth of a new child,7
2024-09-10,Great rock 'n' roll feuds,6
2024-09-10,"University funding model: ""You wouldn't teach it in first year commerce""",5
2024-09-10,Trouble for Keir Starmer over cuts to pensioners' fuel allowance,4
2024-09-10,Great experiments: how the atom was split,3
2024-09-10,We and our partners process data to provide:,2
2024-09-10,Manage Consent Preferences,1
2024-09-10,Cookie List,0
