Date,Heading Text,Reverse Position
2024-10-07,Harris calls for end to violence on 7 October anniversary,73
2024-10-07,Ceremony to mark two years since Creeslough tragedy,72
2024-10-07,Security guards to begin operating on Dublin Bus services,71
2024-10-07,Funeral of former minister Mary O'Rourke to take place,70
2024-10-07,"Plumbers, pipefitters, welders engaging in further strike",69
2024-10-07,Duff calls for one last push from Shelbourne players,68
2024-10-07,Hatton survives late stumble to win Alfred Dunhill,67
2024-10-07,Spurs' Brighton collapse Postecoglou's 'worst defeat',66
2024-10-07,Hoops earn another victory against faltering Shelbourne,65
2024-10-07,Corkonians bid farewell to 'iconic' Lennox takeaway,64
2024-10-07,Corkonians bid farewell to 'iconic' Lennox takeaway,63
2024-10-07,Trump returns to site of assassination attempt,62
2024-10-07,Smoke rises across Beirut after Israeli strike,61
2024-10-07,Relief for Kevin Doherty as Drogheda United reach final,60
2024-10-07,Flooding in Bantry causing businesses to be 'destroyed',59
2024-10-07,James Keddy proud of gallant Wexford in defeat,58
2024-10-07,Thousands demonstrate in solidarity with Palestine,57
2024-10-07,Fran McNulty and Edmund Heaphy report live from the Middle East,56
2024-10-07,Contribution of community midwives celebrated at Mayo museum,55
2024-10-07,Commuters give their view on e-scooter transport ban,54
2024-10-07,Thousands demonstrate in support of Palestine,53
2024-10-07,Flooding reported amid Status Orange alert,52
2024-10-07,Breen pre Canada,51
2024-10-07,'Immense performance',50
2024-10-07,Fair City preview clip,49
2024-10-07,Prime Time's Fran McNulty reports live from Beirut,48
2024-10-07,Bohemians-Derry collide in Dalymount semi-final,47
2024-10-07,Dermot Kennedy says he's `very proud' of new album,46
2024-10-07,A short history of Ireland's corporate tax residency rules,45
2024-10-07,Charlotte by Martina Devlin - read an extract,44
2024-10-07,French actor Michel Blanc has died aged 72,43
2024-10-07,Harris calls for end to violence on 7 October anniversary,42
2024-10-07,Ceremony to mark two years since Creeslough tragedy,41
2024-10-07,Security guards to begin operating on Dublin Bus services,40
2024-10-07,Funeral of former minister Mary O'Rourke to take place,39
2024-10-07,"Plumbers, pipefitters, welders engaging in further strike",38
2024-10-07,Duff calls for one last push from Shelbourne players,37
2024-10-07,Hatton survives late stumble to win Alfred Dunhill,36
2024-10-07,Spurs' Brighton collapse Postecoglou's 'worst defeat',35
2024-10-07,Hoops earn another victory against faltering Shelbourne,34
2024-10-07,Kevin Yu claims maiden PGA Tour title in Mississippi,33
2024-10-07,The Newspaper Panel,32
2024-10-07,“I Loved My Father From The Day He Died”- Michael Harding,31
2024-10-07,Brendan O'Connor,30
2024-10-07,The Science of the Blue Zones,29
2024-10-07,The Watchlist,28
2024-10-07,The Class of 2024,27
2024-10-07,Sunday Miscellany,26
2024-10-07,My Life in Five Songs - Cecelia Ahern,25
2024-10-07,Mark Little on the role of Social Media in US Elections,24
2024-10-07,Everything you need you know before you buy an e-bike.,23
2024-10-07,Corkonians bid farewell to 'iconic' Lennox takeaway,22
2024-10-07,Financial supports to be made available in Bantry - Taoiseach,21
2024-10-07,Parts of Bantry impassable due to flooding,20
2024-10-07,Flooding in Bantry causing businesses to be 'destroyed',19
2024-10-07,Commuters give their view on e-scooter transport ban,18
2024-10-07,Trump returns to site of assassination attempt,17
2024-10-07,Thousands demonstrate in solidarity with Palestine,16
2024-10-07,Flooding reported amid Status Orange alert,15
2024-10-07,Fair City preview clip,14
2024-10-07,'Immense performance',13
2024-10-07,E-scooters banned from public transport from tomorrow,12
2024-10-07,Russian activity in Ireland 'no surprise' - Taoiseach,11
2024-10-07,"Euro wrap: De Gea saves two pens, Kane goes off injured",10
2024-10-07,UN raises concerns over IDF tanks placed close to Irish post,9
2024-10-07,RSA chair could see how ad 'offensive' to non drivers,8
2024-10-07,Flood frustrations aired at minister during Bantry visit,7
2024-10-07,Duff calls for one last push from Shelbourne players,6
2024-10-07,New Israel strikes hit south Beirut after evacuation call,5
2024-10-07,Kevin Yu claims maiden PGA Tour title in Mississippi,4
2024-10-07,Second celebrity departs Strictly Come Dancing,3
2024-10-07,We and our partners process data to provide:,2
2024-10-07,Manage Consent Preferences,1
2024-10-07,Cookie List,0
